config,spacing,pressure,shroud,leakage,case_pressure_pa,energy_error,residual_kg_s,converged,solve_time_s,hottest_die_c,hottest_unthrottled_c,mean_die_c,any_throttle,t_die_1_c,t_die_unthrottled_1_c,t_mem_1_c,t_exh_1_c,flow_cfm_1,mass_kg_s_1,duty_1,throttle_1,power_w_1,slot_1,t_die_2_c,t_die_unthrottled_2_c,t_mem_2_c,t_exh_2_c,flow_cfm_2,mass_kg_s_2,duty_2,throttle_2,power_w_2,slot_2,t_die_3_c,t_die_unthrottled_3_c,t_mem_3_c,t_exh_3_c,flow_cfm_3,mass_kg_s_3,duty_3,throttle_3,power_w_3,slot_3,t_die_4_c,t_die_unthrottled_4_c,t_mem_4_c,t_exh_4_c,flow_cfm_4,mass_kg_s_4,duty_4,throttle_4,power_w_4,slot_4,mc_p05_die_1_c,mc_p95_die_1_c,mc_p05_die_2_c,mc_p95_die_2_c,mc_p05_die_3_c,mc_p95_die_3_c,mc_p05_die_4_c,mc_p95_die_4_c,mc_p05_hottest_c,mc_p95_hottest_c
s-stacked__p-high__sh-off__l-sealed,stacked,high,off,sealed,19.607023416406875,1.7331540703479054e-07,5.0277898484309136e-08,True,0.057794082909822464,90.19900899613364,111.25970723192371,88.79918637705518,True,90.00301397124434,103.38089202668178,88.94476349922856,53.703561821586696,18.530285717055207,0.010353516931486116,0.6997010644375,True,254.38713269610122,1,90.19900899613364,111.25970723192371,89.24220872649795,55.82487689657415,15.319109923169021,0.00855932101569521,0.6997010644375,True,230.000064816269,3,87.8080105310665,89.92809409864377,86.56001053106651,48.78027218014278,26.934576675698167,0.015049287415875261,0.6991788784883664,True,299.99999999999994,5,87.18671200977622,89.22979132871531,85.93871200977622,48.39080357514683,27.57069307418169,0.015404707834246542,0.6971780489492747,True,299.99999999999994,v2,89.75255748335562,122.00654899529547,96.39026140021231,132.49376273012655,79.56875380267036,106.13661060403743,78.99127848112715,105.16822401289087,96.39026140021231,132.49376273012655
s-stacked__p-high__sh-off__l-leaky,stacked,high,off,leaky,11.572293788964346,7.015984180425967e-08,3.307756479527593e-08,True,0.05526445899158716,90.10813879864544,108.64213413388467,87.82415395792034,True,89.94702322457148,100.73376085590014,88.85387982658605,52.257506171510904,18.34086557878554,0.010247681293618192,0.6997010644375,True,262.7748552849572,1,90.10813879864544,108.64213413388467,89.12066291887758,54.4474370960966,15.16269069184363,0.008471924135546358,0.6997010644375,True,237.3740095595813,3,85.93105610730991,87.22667132446593,84.68305610730992,46.62293330308268,26.436194544687872,0.014770823936652381,0.6930579649221085,False,299.99999999999994,5,85.31039770115453,86.57415318809109,84.06239770115454,46.23269917313706,27.050453999206425,0.015114032118101509,0.6909990898049434,False,299.99999999999994,v2,87.28785973512227,119.55988194364387,93.8910699431699,128.73194585661585,76.99581001929667,103.59837480347733,76.48636485013084,102.76600597292011,93.8910699431699,128.73194585661585
s-stacked__p-high__sh-on__l-sealed,stacked,high,on,sealed,18.973915586760075,1.1559837085372755e-06,1.315687704270263e-08,True,0.055912000010721385,90.12517008515067,105.94839662746163,87.43106240255233,True,90.07869998244621,98.6221730776887,88.95409935955065,52.04226966090541,19.750936836674818,0.011035537286023182,0.6997010644375,True,270.3366881960494,1,90.12517008515067,105.94839662746163,89.10758461617885,54.00524229143939,16.38455069227517,0.00915461993395653,0.6997010644375,True,244.61189157976224,3,85.05903656511926,86.29477420130452,83.81103656511927,46.3891703166676,28.106613263234507,0.015704145135754344,0.6901523372225483,False,299.99999999999994,5,84.46134297749322,85.6951316566273,83.21334297749323,46.0185518086075,28.762166476026188,0.016070425580198965,0.688163212933613,False,299.99999999999994,v2,86.00280777720691,118.17097125720817,92.32742295740559,126.31660573455073,76.41095631854881,103.32765242540196,75.95097922268495,102.54897352929848,92.32742295740559,126.31660573455073
s-stacked__p-high__sh-on__l-leaky,stacked,high,on,leaky,12.342915893007865,9.732605865709701e-07,9.308302385824252e-09,True,0.05623766698408872,90.07164639425815,104.60727863418066,86.8410778553226,True,89.98644340243588,97.22558943690647,88.84263717941467,51.11433368921494,19.505337485119703,0.010898312362267825,0.6997010644375,True,274.9534189954852,1,90.07164639425815,104.60727863418066,89.03638452100003,53.159522782099046,16.179667298957714,0.009040144436164273,0.6997010644375,True,248.86102722550913,3,83.95339901151627,84.93919030159685,82.70539901151628,45.050849660626895,27.62122689695658,0.015432942843555165,0.686449244219564,False,299.99999999999994,5,83.35282261308012,84.33878306752446,82.10482261308013,44.677211724765534,28.259841570183635,0.015789759135160765,0.6844505414731201,False,299.99999999999994,v2,84.52794068377739,116.60946747612762,90.74488175613985,125.04533580634197,75.20167786800428,101.89032260338327,74.74605481161072,101.11078527840596,90.74488175613985,125.04533580634197
s-stacked__p-standard__sh-off__l-sealed,stacked,standard,off,sealed,-10.517294344168496,6.937449895039335e-07,4.425778169323425e-07,True,0.06339662498794496,90.06972891799808,108.70967748565477,87.72680688204292,True,90.06917719668537,100.64560354528572,88.97162601011502,51.93782472923928,17.863104278549557,0.00998073939176455,0.6997010644375,True,263.83441984864487,1,90.06972891799808,108.70967748565477,89.08150086084689,54.111340190735255,14.76430230344832,0.008249330647915352,0.6997010644375,True,237.55482143057452,3,85.69402207377792,86.9080336025731,84.44602207377793,46.06480160006857,25.70910068897903,0.014364571239807439,0.6922712383655105,False,299.99999999999994,5,85.07429933971038,86.23295024479167,83.82629933971039,45.673090803944305,26.29433989991248,0.014691564798994283,0.6902106536921705,False,299.99999999999994,v2,87.05531022223819,119.4855367211573,93.55411714270261,128.9426737714645,76.76196404459867,103.49801108009304,76.25705835576109,102.65272215132403,93.55411714270261,128.9426737714645
s-stacked__p-standard__sh-off__l-leaky,stacked,standard,off,leaky,-4.0127170597210124,1.1082376729331198e-06,1.6538782218744608e-09,True,0.052846457925625145,90.0786300563911,108.77520517415857,87.78043031602841,True,90.07361424129287,100.76111462477623,88.97714081363947,52.078765240043474,18.022997414186605,0.010070077263415547,0.6997010644375,True,263.575343185914,1,90.0786300563911,108.77520517415857,89.09105700260255,54.23677346869329,14.898019203051929,0.008324042943516794,0.6997010644375,True,237.3973686991706,3,85.7947604823988,87.08552332345852,84.54676048239881,46.27623696267445,25.954672808155422,0.01450178094788299,0.6926108341342497,False,299.99999999999994,5,85.17471648403085,86.42436355387576,83.92671648403086,45.88501729639185,26.54964937050642,0.014834215104927244,0.690550951279455,False,299.99999999999994,v2,87.18026897793908,119.55458528819682,93.68389414636769,128.9457919724961,77.00943663484294,103.64824163012939,76.50300498250452,102.80466022113067,93.68389414636769,128.9457919724961
stock,stacked,standard,off,leaky,-4.0127170597210124,1.1082376729331198e-06,1.6538782218744608e-09,True,0.052846457925625145,90.0786300563911,108.77520517415857,87.78043031602841,True,90.07361424129287,100.76111462477623,88.97714081363947,52.078765240043474,18.022997414186605,0.010070077263415547,0.6997010644375,True,263.575343185914,1,90.0786300563911,108.77520517415857,89.09105700260255,54.23677346869329,14.898019203051929,0.008324042943516794,0.6997010644375,True,237.3973686991706,3,85.7947604823988,87.08552332345852,84.54676048239881,46.27623696267445,25.954672808155422,0.01450178094788299,0.6926108341342497,False,299.99999999999994,5,85.17471648403085,86.42436355387576,83.92671648403086,45.88501729639185,26.54964937050642,0.014834215104927244,0.690550951279455,False,299.99999999999994,v2,87.18026897793908,119.55458528819682,93.68389414636769,128.9457919724961,77.00943663484294,103.64824163012939,76.50300498250452,102.80466022113067,93.68389414636769,128.9457919724961
s-stacked__p-standard__sh-on__l-sealed,stacked,standard,on,sealed,-11.971099353182039,5.0610261167785755e-06,8.219774851507891e-07,True,0.057083082967437804,90.0374581906498,104.30229906622206,86.5963199143268,True,89.93496607174473,96.81337045694349,88.78531689469851,50.61422172855649,19.101123735710978,0.010672464042261035,0.6997010644375,True,276.3579752514929,1,90.0374581906498,104.30229906622206,88.99705867055349,52.68545662884562,15.845884769037372,0.008853648494993555,0.6997010644375,True,250.09603848469024,3,83.50725819479715,84.39699563758444,82.25925819479716,44.32859568693363,26.980147101446985,0.015074749202151506,0.6849600555986157,False,299.99999999999994,5,82.90559720011554,83.79721560998077,81.65759720011555,43.952575059984916,27.594833985909823,0.015418196203618456,0.6829577121485333,False,299.99999999999994,v2,84.22235780808617,116.45700378368291,90.6319442564992,125.04150041888786,74.68474761255705,101.57044035141628,74.23697810326861,100.7827208301295,90.6319442564992,125.04150041888786
s-stacked__p-standard__sh-on__l-leaky,stacked,standard,on,leaky,-6.61529379824861,9.667102011172084e-07,8.715938323283073e-07,True,0.0568610830232501,90.03602789727861,104.23394587734452,86.57165874156495,True,89.93190106216508,96.75031496515244,88.78117869298651,50.58880647639552,19.13017831577361,0.010688697849510905,0.6997010644375,True,276.61595412946247,1,90.03602789727861,104.23394587734452,88.99467705483255,52.67445131614296,15.867808017924432,0.00886589777878827,0.6997010644375,True,250.32472174184173,3,83.46026159955035,84.3509997077089,82.21226159955036,44.29387509270007,27.01462921299041,0.015094015560541742,0.6848039890530762,False,299.99999999999994,5,82.85844440726574,83.75107689067238,81.61044440726575,43.91785469381728,27.63074402131141,0.015438260392871533,0.6828011406321626,False,299.99999999999994,v2,84.12273810528706,116.33722946227374,90.47639706233969,124.8137428623674,74.61611612409378,101.40429017823259,74.17079340151948,100.62059124322104,90.47639706233969,124.8137428623674
s-gap1__p-high__sh-off__l-sealed,gap1,high,off,sealed,18.767677260240223,1.0989471106599756e-06,7.267320116998918e-10,True,0.015511375037021935,88.61895334295589,88.61895334295589,88.56764970779676,True,88.61895334295589,88.61895334295589,87.3709533429559,49.27268812934797,26.51130618126691,0.014574331216637624,0.6927099999999999,True,299.99999999999994,1,88.61877447552646,88.61877447552646,87.37077447552647,49.2725030753817,26.51130262921751,0.01457433854749997,0.6927099999999999,True,299.99999999999994,4,88.49621466112733,88.49621466112733,87.24821466112734,49.14544968587843,26.508540318802,0.014579047199969343,0.6927099999999999,True,299.99999999999994,7,88.5366563515773,88.5366563515773,87.28865635157732,49.187374109504354,26.50945201148093,0.014577493179782727,0.6927099999999999,True,299.99999999999994,v2,78.93029492701959,104.56072337624241,78.93013399294556,104.5604193571725,78.8255178757195,104.37028772039409,78.8600485536459,104.43301553006125,78.93029492701959,104.56072337624241
s-gap1__p-high__sh-off__l-leaky,gap1,high,off,leaky,10.531281459258402,9.258480408620759e-07,9.522292208213878e-10,True,0.01519112498499453,86.70077304934289,86.70077304934289,86.65306524488784,False,86.70077304934289,86.70077304934289,85.4527730493429,47.22044126132382,26.179905892476448,0.014499687724720869,0.6899620013068619,False,299.99999999999994,1,86.7006203986746,86.7006203986746,85.45262039867461,47.22027781672232,26.179888132229454,0.014499687344907274,0.6899615615873943,False,299.99999999999994,4,86.5866202257689,86.5866202257689,85.3386202257689,47.098316896305874,26.168206625774506,0.014499518886325405,0.6896454010697395,False,299.99999999999994,7,86.624247305765,86.624247305765,85.376247305765,47.1385716211235,26.172060599371786,0.014499574212027693,0.6897497432877975,False,299.99999999999994,v2,76.95129691170239,102.98719947078999,76.95112913704452,102.98698376109279,76.84413506046867,102.83354870893523,76.87945072419687,102.88417554155573,76.95129691170239,102.98719947078999
s-gap1__p-high__sh-on__l-sealed,gap1,high,on,sealed,17.978481149431314,9.535330324676278e-07,1.9513006765947694e-09,True,0.015385542064905167,85.72851917211709,85.72851917211709,85.68527955923417,False,85.72851917211709,85.72851917211709,84.4805191721171,46.77024163484823,27.58935909377039,0.015253712610664398,0.6868528757912378,False,299.99999999999994,1,85.72838890993451,85.72838890993451,84.48038890993452,46.77010174758784,27.589342517539862,0.01525371139030547,0.6868524609191848,False,299.99999999999994,4,85.62504948973933,85.62504948973933,84.37704948973933,46.659091193023784,27.57665341307224,0.01525269310857514,0.6865303262632934,False,299.99999999999994,7,85.65916066514583,85.65916066514583,84.41116066514584,46.69573432090627,27.580840095296516,0.015253028539953025,0.6866366542627865,False,299.99999999999994,v2,76.13240146425704,102.64394427896673,76.13230989176823,102.64374790326505,76.05518598464117,102.49879863386595,76.08064410371595,102.54662692126622,76.13240146425704,102.64394427896673
s-gap1__p-high__sh-on__l-leaky,gap1,high,on,leaky,11.162953736094087,8.403397524253471e-07,8.376893206873959e-10,True,0.015901749953627586,84.8087148086506,84.8087148086506,84.76466256397407,False,84.8087148086506,84.8087148086506,83.56071480865062,45.67748974506694,27.12462552671135,0.015065116962380979,0.6840273889828113,False,299.99999999999994,1,84.80858150096421,84.80858150096421,83.56058150096422,45.6773460984833,27.124607766464365,0.015065115231581277,0.6840269620525559,False,299.99999999999994,4,84.70330168947501,84.70330168947501,83.45530168947502,45.56405676207019,27.111545696809895,0.015063940256329704,0.6836983665258325,False,299.99999999999994,7,84.73805225680647,84.73805225680647,83.49005225680648,45.60145146693841,27.115856700763114,0.015064328101401521,0.6838068242588767,False,299.99999999999994,v2,75.02053454024148,101.68173749060496,75.02043510521673,101.68153731395918,74.94017900940912,101.53432134782949,74.96666885378085,101.58289828517844,75.02053454024148,101.68173749060496
s-gap1__p-standard__sh-off__l-sealed,gap1,standard,off,sealed,-12.290311929093729,8.46473264943968e-07,4.3626477215941845e-09,True,0.013699208968318999,86.42254940138712,86.42254940138712,86.37294084792629,False,86.42254940138712,86.42254940138712,85.17454940138713,46.6345505445304,25.40465927110613,0.014121957862372463,0.6892541382511654,False,299.99999999999994,1,86.42238841215972,86.42238841215972,85.17438841215973,46.634377267524826,25.40463914282621,0.014121956650164594,0.6892536700285984,False,299.99999999999994,4,86.30385074749645,86.30385074749645,85.05585074749646,46.5071833612749,25.392219994112846,0.014121510694318332,0.6889238314984688,False,299.99999999999994,7,86.34297483066189,86.34297483066189,85.0949748306619,46.54916495060796,25.39631787510217,0.014121657960462358,0.6890326869633326,False,299.99999999999994,v2,76.76631267811874,102.95446765345527,76.76613569317001,102.95423973779748,76.65451720694091,102.7953063390072,76.69136142098603,102.847746686471,76.76631267811874,102.95446765345527
s-gap1__p-standard__sh-off__l-leaky,gap1,standard,off,leaky,-4.894523709870892,8.846991128545293e-07,2.1158251218775237e-09,True,0.014126374968327582,86.52172797929863,86.52172797929863,86.47283017220184,False,86.52172797929863,86.52172797929863,85.27372797929864,46.84815256038729,25.689715971395376,0.01426096805244173,0.6895120576746077,False,299.99999999999994,1,86.52156842970224,86.52156842970224,85.27356842970225,46.847981875471035,25.689698211148393,0.014260967978655049,0.6895115970216799,False,299.99999999999994,4,86.4047302605694,86.4047302605694,85.1567302605694,46.72275212938952,25.677553754255182,0.014260627118293063,0.6891868599433029,False,299.99999999999994,7,86.44329401923711,86.44329401923711,85.19529401923712,46.764085788438,25.6815604659766,0.014260739379537443,0.6892940321504955,False,299.99999999999994,v2,76.94152059203513,102.9781165547686,76.9413476567209,102.97789544124468,76.8315938673584,102.82187111093067,76.86782282859582,102.87335088899609,76.94152059203513,102.9781165547686
s-gap1__p-standard__sh-on__l-sealed,gap1,standard,on,sealed,-13.782804785044126,7.340228874589366e-07,1.7458043673895807e-09,True,0.01591108296997845,84.34562671377728,84.34562671377728,84.30017524894484,False,84.34562671377728,84.34562671377728,83.09762671377729,44.95479177679224,26.441066772446035,0.014741039669927056,0.6826934187046577,False,299.99999999999994,1,84.34548829671667,84.34548829671667,83.09748829671668,44.95464164680428,26.441046644166118,0.014741036898094315,0.6826929716054253,False,299.99999999999994,4,84.23686644691328,84.23686644691328,82.98886644691329,44.83741460260371,26.427297844961288,0.014739575823271591,0.6823530791423567,False,299.99999999999994,7,84.27271953837217,84.27271953837217,83.02471953837218,44.87610879084254,26.431836180076004,0.014740058506507892,0.6824652642505862,False,299.99999999999994,v2,74.570947194085,101.44291421722556,74.57084087696705,101.44270218347894,74.48708517367818,101.29015212108037,74.51472983922949,101.34048752723605,74.570947194085,101.44291421722556
s-gap1__p-standard__sh-on__l-leaky,gap1,standard,on,leaky,-7.839573039073863,7.388749691017439e-07,1.0775449768574141e-09,True,0.015555291902273893,84.25843109492686,84.25843109492686,84.21313321178727,False,84.25843109492686,84.25843109492686,83.01043109492687,44.89145154307794,26.50448743043841,0.014777267638402678,0.6824240573652072,False,299.99999999999994,1,84.25829098080096,84.25829098080096,83.01029098080097,44.89130066263383,26.50446967019142,0.014777266154894185,0.6824236095345355,False,299.99999999999994,4,84.150039389525,84.150039389525,82.90203938952502,44.77450840735627,26.490796648040423,0.01477583660643708,0.6820849431016376,False,299.99999999999994,7,84.18577138189622,84.18577138189622,82.93777138189623,44.813059794320345,26.49530893479288,0.01477630830190381,0.6821967261598025,False,299.99999999999994,v2,74.45614736047483,101.21815047429706,74.45604226154643,101.21794053244976,74.37289229742923,101.06685894595952,74.40033708049778,101.11670968672962,74.45614736047483,101.21815047429706
open-air,,,,,0.0,7.217667001668816e-07,9.923269532474688e-10,True,0.0020169579656794667,82.8128583643646,82.8128583643646,82.8128583643646,False,82.8128583643646,82.8128583643646,81.56485836436461,44.56135742169085,27.257544399216787,0.015229740747509315,0.6783759110856654,False,299.99999999999994,1,,,,,,,,,,,,,,,,,,,,,,,,,,,,,,,,,,,,,,,,
